task_id,category,raw_output,predicted_index,ground_truth,is_correct,latency_ms,model
3031862c-e549-4738-9a79-d433f54f64ea,math,"**Reasoning:**

- **Assertion 1:** ""Гомоморфизм колец является инъективным тогда и только тогда, когда его ядро состоит из {0}."" This translates to: ""A ring homomorphism is injective if and only if its kernel consists of {0}"". This statement aligns with the standard definition in ring theory. The kernel of a ring homomorphism being trivial (i.e., containing only 0) ensures that the homomorphism is injective, and conversely, an injective homomorphism implies that its kernel must be trivial.

- **Assertion 2:** ""Q является идеалом в R."" This translates to: ""Q is an ideal in R"". The question does not provide any specific information about Q or R. Therefore, we cannot definitively determine whether this statement is true or false based on the given context alone.

Given these points:
- Assertion 1 is correct.
- Assertion 2 is not specified and thus cannot be verified as true or false without additional context.

**Conclusion:**
The first assertion is correct, while the second one is not specified. Therefore, the option that best matches the intended meaning of the question is:

ANSWER: 0",0,7,False,184060.46,qwen2.5:7b-instruct
953233d2-4c21-4137-ba4a-1f8176c1d772,history,"### Reasoning Block:
- **Option 0:** This aligns with Paine's emphasis on individual freedom of belief and his criticism of organized religion. He states, ""I believe in one God, and no more; for why should I name that which I do not understand?""
- **Option 1:** Contradicts the text as Paine criticizes religious institutions for their oppressive nature.
- **Option 2:** Opposes what Paine says about equality among people: ""I believe in equal rights for all, and special privileges for none.""
- **Option 3:** While salons and cheap pamphlets were used by some Enlightenment thinkers, this is not the primary focus of Paine's statements.
- **Option 4:** Contradicts his explicit rejection of the superiority of any religion: ""I do not want to be understood as condemning those who believe otherwise; they have just as much right to their faith as I have to mine.""
- **Option 5:** This is not mentioned in Paine's text.
- **Option 6:** Contradicts his belief that reason and science are crucial for human progress: ""The most powerful weapon against error is the use of our own minds.""
- **Option 7:** While he criticizes organized religion, he does not outright reject all religious beliefs but rather advocates for a personal faith based on individual reasoning.
- **Option 8:** There is no mention of Paine being a distinguished scientist in his text.
- **Option 9:** Contradicts his view that traditional religious institutions are oppressive and should be abolished.

### Conclusion:
The best match to the ideas expressed by Paine is Option 0, as it aligns with his support for individual freedom of belief and criticism of organized religion.

ANSWER: 0",0,3,False,245777.06,qwen2.5:7b-instruct
53555479-8521-4b12-b9c2-35ea21385c5b,computer science,"To solve this problem, we need to understand the lexicographical comparison rules and how they apply to the given strings. The key points are:
- All uppercase letters come before lowercase letters in the ASCII order.
- ""CARROT"" (strA), ""Carrot"" (strB), and ""car"" (strC) are compared based on these rules.

Let's break down each comparison:

1. **strA.compareTo(strC)**: Since both strings start with 'C', we compare the rest of the string. ""ARROT"" vs ""ar"". The first differing character is 'R' vs 'a'. In ASCII, 'R' (82) comes after 'a' (97), so strA > strC.
2. **strB.compareTo(strC)**: Both strings start with 'C', then 'a' and 'r'. ""arrot"" vs ""ar"". The first differing character is 'o' vs 'r'. In ASCII, 'o' (111) comes after 'r' (114), so strB > strC.
3. **strB.compareTo(strA)**: Both strings start with 'C', then 'a' and 'r'. ""arrot"" vs ""ARROT"". The first differing character is 'a' vs 'A'. In ASCII, 'a' (97) comes after 'A' (65), so strB > strA.

Now let's evaluate each option:

- **Option 0**: `strC.compareTo(strB) > 0 && strB.compareTo(strA) > 0`  
  - `strC.compareTo(strB)` is `< 0` because ""car"" < ""Carrot"".  
  - `strB.compareTo(strA)` is `< 0` because ""Carrot"" > ""CARROT"".  
  - This option is false.

- **Option 1**: `strA.compareTo(strC) > 0 && strC.compareTo(strB) < 0`  
  - `strA.compareTo(strC)` is `> 0` as explained.  
  - `strC.compareTo(strB)` is `< 0` as explained.  
  - This option is true.

- **Option 2**: `strB.compareTo(strC) < 0 && strB.compareTo(strA) > 0`  
  - `strB.compareTo(strC)` is `> 0` because ""Carrot"" > ""car"".  
  - `strB.compareTo(strA)` is `< 0` as explained.  
  - This option is false.

- **Option 3**: `!(strB.compareTo(strA) == 0) && strB.compareTo(strA) < 0`  
  - `strB.compareTo(strA)` is `< 0`.  
  - The condition evaluates to true, but it doesn't match the comparison results.  
  - This option is false.

- **Option 4**: `strB.compareTo(strC) > 0 && strA.compareTo(strB) < 0`  
  - `strB.compareTo(strC)` is `< 0`.  
  - `strA.compareTo(strB)` is `< 0`.  
  - This option is false.

- **Option 5**: `strC.compareTo(strB) < 0 && strB.compareTo(strA) < 0`  
  - `strC.compareTo(strB)` is `< 0`.  
  - `strB.compareTo(strA)` is `< 0`.  
  - This option is true, but it contradicts the comparison results.

- **Option 6**: `strA.compareTo(strB) < 0 && strB.compareTo(strC) > 0`  
  - `strA.compareTo(strB)` is `< 0`.  
  - `strB.compareTo(strC)` is `< 0`.  
  - This option is false.

- **Option 7**: `!(strA.compareTo(strB) == 0) && strB.compareTo(strA) < 0`  
  - `strA.compareTo(strB)` is `< 0`.  
  - The condition evaluates to true, but it doesn't match the comparison results.  
  - This option is false.

The correct option that matches all comparisons and conditions is **Option 1**.

ANSWER: 1",1,2,False,286340.02,qwen2.5:7b-instruct
95627f90-a36f-4570-916e-6749c965185d,other,"**Reasoning:**
The question asks about the balance found by the US Supreme Court between the Establishment Clause (which prohibits the government from establishing a religion) and the Free Exercise Clause (which protects the freedom of religious practice). 

Option [9] states that state-sponsored prayer in school hours is prohibited, but voluntary student-led prayer before classes is allowed. This aligns with key principles established by the US Supreme Court:
- The Establishment Clause prohibits official government endorsement or support of religion.
- The Free Exercise Clause allows for individual religious practices.

This option does not contradict any standard definitions or Supreme Court rulings on these clauses and accurately reflects the balance found by the court in cases such as Engel v. Vitale (1962) and Lee v. Weisman (1992).

**ANSWER: 9**",9,8,False,117555.59,qwen2.5:7b-instruct
ec0a019f-a48c-4e8c-9bbe-25804e64841d,history,"To determine the correct answer, let's analyze each option in the context of Aztec society:

- **Option 0:** This suggests a high level of taxation and labor obligations to local governors. While there were taxes and tribute systems, they were more centralized under the Aztec Empire.
  
- **Option 1:** This implies constant fear of being sold into slavery. There is no historical evidence supporting this widespread fear among rural inhabitants.

- **Option 2:** This suggests a relatively peaceful and comfortable life for most villagers. While there was some level of control, it wasn't as harsh or oppressive as described in other options.

- **Option 3:** This indicates strict control by the high priest with frequent human sacrifices. The Aztec Empire did practice human sacrifice, but this was not the primary form of governance for rural areas.

- **Option 4:** This suggests a heavy military presence to prevent uprisings. While there were some forms of local control, it wasn't as pervasive or strict as described here.

- **Option 5:** This implies severe suppression by the king with army placements. There is no evidence supporting such widespread and brutal treatment in rural areas.

- **Option 6:** This suggests a high level of taxation on crops, leading to extreme poverty. While there were taxes, they weren't as harsh or universally oppressive as described here.

- **Option 7:** This implies mandatory child education in cities. There is no evidence that children from rural areas were systematically sent away for formal schooling.

- **Option 8:** This suggests a lack of protection against invasions. While there was some vulnerability, the Aztec state did provide some level of defense and control over its territories.

- **Option 9:** This indicates forced labor on large irrigation projects for the king. There were indeed large-scale agricultural projects, but they weren't as widespread or mandatory as described here.

Given these considerations, **Option 2** seems to be the most accurate description of rural Aztec life: it suggests a relatively peaceful and comfortable existence with minimal interference from central authorities.

ANSWER: 2",2,2,True,168131.0,qwen2.5:7b-instruct
